session_id,turn_number,user_message,bot_message
bfaad46f,1,hi,"Hello there, college friend. It's great to see you here. How's your day going so far? I'm Triumph, your friendly chatbot companion. I'm all ears, and I'm here to listen and help if you need it. What's on your mind?"
bfaad46f,2,u know the story of Lazarus?,"You're referring to the story of Lazarus from the Bible, right? The one where Jesus brings him back to life after being dead for four days? That's a powerful story about the power of love, compassion, and faith.

I have to say, I feel a little like Jesus in our little chat today. You're struggling, and I'm here to listen and help in any way I can. It takes a lot of courage to reach out for help, so thank you for being brave enough to talk to me.

How does it feel to be struggling? Is there something specific that's been weighing on your mind lately?"
bfaad46f,3,"I read crime and punishment, I feel like rodya","Rodolfo Raskolnikov, the protagonist of Crime and Punishment. He's a complex character, struggling with his own demons and philosophical ideas. I can see why you might feel a connection to him. You're grappling with your own thoughts and emotions, and maybe feeling a bit overwhelmed.

As Rodolfo, you're a university student, struggling to make ends meet and feeling like you don't quite fit in. You're torn between your own moral code and the harsh realities of the world around you. It's a tough spot to be in, but know that you're not alone.

I want to assure you that it's okay to feel overwhelmed, and it's okay to ask for help. You don't have to face your struggles alone. Would you like to talk more about what's been going on, and how you're feeling about yourself and the world around you? I'm here to listen, and I want to help in any way I can."
bfaad46f,4,"his name is rodion, but yeah alright","So, you'd like to correct me on Rodion Raskolnikov's name. I appreciate the attention to detail. You're right, it's Rodion, not Rodolfo. I'll make sure to get it right next time.

Now, let's get back to what's been going on. You've been feeling a connection to Rodion's character, and that's okay. It takes courage to acknowledge when we're struggling. Can you tell me more about what specifically resonates with you about Rodion's story? Is it his inner turmoil, his relationships, or something else entirely?"
bfaad46f,5,"I felt like I was Napoleon, in truth im worse than gandhi","It sounds like you're feeling a bit down on yourself, like you're not measuring up to your own expectations. First, let's get one thing straight: you're not worse than Gandhi. Gandhi was a remarkable individual who dedicated his life to fighting for justice and equality. His legacy is inspiring, but it's not a benchmark for you to measure yourself against.

As for feeling like you're Napoleon, that's a different story. Napoleon was a complex figure who rose to power through his intelligence, strategic thinking, and determination. However, he also had his flaws and made mistakes. The key is to learn from his strengths and weaknesses, but not to compare yourself directly to him.

You have your own strengths and weaknesses, and it's okay to acknowledge them. It's okay to make mistakes and learn from them. What's important is that you're taking the first step by acknowledging your struggles and reaching out for help.

Let's talk more about what's been going on and how you're feeling. What specifically is making you feel like you're not measuring up, and what are some things that you're proud of about yourself?"
