session_id,summary
de8da20c,"**Summary:**
The conversation revolves around the user's feelings of emotional numbness and disconnection since 2018. Despite trying various activities, including reading 50 novels in the past year, the user still feels unfulfilled and disconnected. The user is struggling to find purpose or passion in life and is feeling overwhelmed and tired of everything. The bot offers support and understanding, suggesting that the user explore common themes in the books they've read and consider trying something new and creative to stimulate themselves.

**User Mental State:**
The user appears to be in a state of emotional numbness, feeling disconnected and unfulfilled. They are experiencing feelings of overwhelm and frustration, which are affecting their daily life. The user is struggling to find meaning or purpose in their activities, including reading, which is a common source of enjoyment for many people.

**User Emotional Stability:**
The user's emotional stability is unstable, as they are experiencing intense feelings of frustration and overwhelm. They are struggling to cope with their emotions and are feeling disconnected from the world around them.

**Main Point of Conversation:**
The main point of conversation is the user's emotional numbness and disconnection since 2018. They are seeking support and understanding from the bot and are exploring ways to stimulate themselves and find meaning in life.

**Overall User Mental Health Assessment:**
Based on the conversation, it appears that the user is experiencing symptoms of depression, including emotional numbness, disconnection, and a lack of purpose or passion. The user is also experiencing feelings of overwhelm and frustration, which are affecting their daily life. It is essential for the user to seek professional help from a mental health professional to address these symptoms and develop coping strategies.

**Possible Underlying Issues:**
Based on the conversation, possible underlying issues that may be contributing to the user's symptoms include:

* Trauma or stressors in the past that may have led to emotional numbness
* Lack of purpose or meaning in life
* Difficulty finding enjoyment or stimulation in activities
* Possible underlying mental health conditions, such as depression or anxiety

**Recommendations:**
Based on the conversation, the following recommendations are made:

* Seek professional help from a mental health professional to address symptoms of depression and develop coping strategies
* Explore creative activities, such as writing, drawing, or painting, to stimulate the user and help them feel more engaged and connected to the world
* Encourage the user to seek support from friends and family members
* Help the user identify and explore common themes in the books they've read to see if this can help them feel more connected to the world around them."
5b52446f,"**Summary:**

The user is feeling a sense of disconnection and emptiness in life, like they're just going through the motions without any real purpose or direction. They're comparing themselves to others who seem to be living their lives with joy and care, which is making them feel sad but not devastated. The user is struggling to find meaning and joy in life, and is looking for ways to get better. They've tried making small changes, but are wondering if there's anything else they can do.

**User Mental State:**

The user is in a state of existential crisis, feeling disconnected from life and struggling to find meaning and purpose. They're experiencing a sense of emptiness and disconnection, but are not feeling overwhelmed or devastated. The user is trying to make sense of their feelings and is seeking support and guidance.

**User Emotional Stability:**

The user's emotional stability is currently unstable, as they're experiencing a range of emotions including sadness, emptiness, and disconnection. However, they're not feeling overwhelmed or in crisis, and are willing to seek help and support.

**Main Point of Conversation:**

The main point of the conversation is the user's struggle to find meaning and purpose in life, and their desire to get better and feel more connected and fulfilled.

**Overall User Mental Health Assessment:**

Based on the conversation, it appears that the user is experiencing a form of existential crisis, which is a common experience among young adults. They're struggling to find meaning and purpose in life, and are feeling disconnected and empty. However, they're not feeling overwhelmed or in crisis, and are willing to seek help and support. The user's emotional stability is currently unstable, but they're making an effort to make small changes and seek guidance. With the right support and resources, the user has the potential to work through their feelings and find a more fulfilling and purposeful life.

**Recommendations:**

Based on the conversation, I would recommend the following:

1. **Encourage the user to continue seeking support and guidance**: The user has already taken the first step by reaching out for help, and it's essential to continue supporting them in their journey.
2. **Foster a sense of connection and community**: The user is feeling disconnected and empty, so it's essential to help them build connections with others and create a sense of community.
3. **Help the user explore their values and passions**: The user is struggling to find meaning and purpose in life, so it's essential to help them explore their values and passions to find a sense of direction and fulfillment.
4. **Encourage the user to practice self-compassion**: The user is struggling with feelings of emptiness and disconnection, so it's essential to encourage them to practice self-compassion and be kind to themselves.
5. **Monitor the user's emotional stability**: The user's emotional stability is currently unstable, so it's essential to monitor their emotional state and provide support and guidance as needed."
